PP_ID	Specificity	Specificity2	Sensitivity	Sensitivity2	Sensitivity2_detailed	Presence_nontarget_samples	Percent_abundance_target	Percent_abundance_nontarget	Percent_abundance_target_detailed	Percent_abundance_nontarget_detailed	Taxonomy_target	Taxonomy_nontarget	N_seqIDs_target	Positive_target_samples	Positive_nontarget_samples	Negative_target_samples	Exceptions	Presence_exceptions_samples	Percent_abundance_exceptions_detailed	Taxonomy_exceptions	Positive_exceptions_samples	PrimerF	PrimerR	TmF_max	TmR_max	TmF_target	TmF_nontarget	TmR_target	TmR_nontarget	MismatchF_target	MismatchF_nontarget	MismatchR_target	MismatchR_nontarget	Amplicon_sizes_target	Amplicon_sizes_nontarget	HeuristicsF	HeuristicsR
Pig244Fw:Pig104Rv	100	36/36	100	12/12	Pig (12/12)	NA	8.3872+/-7.5067	NA	Pig (8.3872+/-7.5067)	NA	Bacteroidetes (unknown)	NA	1	Pig (AF065, AF114, AF121, AF280, AF288, AF289, AF290, AF296, AF297, AF306, AF376, AF456)	NA	NA	Pig manure	NA	NA	NA	NA	GGATGCTGTGGGAGGAATGAGT	CTCAGCGTCAATTGCGGATTTG	61.41	60.34	61.41	61.41	60.34	60.34	[0-0]	[0-0]	[0-0]	[0-0]	101	101	NO_POLY_RUNS, NO_3_T	MULTI_5_GC
Pig244Fw:Pig113Rv	100	36/36	100	12/12	Pig (12/12)	NA	8.3872+/-7.5067	NA	Pig (8.3872+/-7.5067)	NA	Bacteroidetes (unknown)	NA	1	Pig (AF065, AF114, AF121, AF280, AF288, AF289, AF290, AF296, AF297, AF306, AF376, AF456)	NA	NA	Pig manure	NA	NA	NA	NA	GGATGCTGTGGGAGGAATGAGT	TTTCGTGCCTCAGCGTCAATTG	61.41	61.52	61.41	61.41	61.52	61.52	[0-0]	[0-0]	[0-0]	[0-0]	109	109	NO_POLY_RUNS, NO_3_T	PCR_VALID
Pig244Fw:Pig114Rv	100	36/36	100	12/12	Pig (12/12)	NA	8.3872+/-7.5067	NA	Pig (8.3872+/-7.5067)	NA	Bacteroidetes (unknown)	NA	1	Pig (AF065, AF114, AF121, AF280, AF288, AF289, AF290, AF296, AF297, AF306, AF376, AF456)	NA	NA	Pig manure	NA	NA	NA	NA	GGATGCTGTGGGAGGAATGAGT	CAGCGTCAATTGCGGATTTGTG	61.41	60.83	61.41	61.41	60.83	60.83	[0-0]	[0-0]	[0-0]	[0-0]	99	99	NO_POLY_RUNS, NO_3_T	MULTI_5_GC
Pig244Fw:Pig152Rv	100	36/36	100	12/12	Pig (12/12)	NA	8.3872+/-7.5067	NA	Pig (8.3872+/-7.5067)	NA	Bacteroidetes (unknown)	NA	1	Pig (AF065, AF114, AF121, AF280, AF288, AF289, AF290, AF296, AF297, AF306, AF376, AF456)	NA	NA	Pig manure	NA	NA	NA	NA	GGATGCTGTGGGAGGAATGAGT	TCGTGCCTCAGCGTCAATTGCG	61.41	65.71	61.41	61.41	65.71	65.71	[0-0]	[0-0]	[0-0]	[0-0]	107	107	NO_POLY_RUNS, NO_3_T	MULTI_5_GC
Pig244Fw:Pig171Rv	100	36/36	100	12/12	Pig (12/12)	NA	8.3872+/-7.5067	NA	Pig (8.3872+/-7.5067)	NA	Bacteroidetes (unknown)	NA	1	Pig (AF065, AF114, AF121, AF280, AF288, AF289, AF290, AF296, AF297, AF306, AF376, AF456)	NA	NA	Pig manure	NA	NA	NA	NA	GGATGCTGTGGGAGGAATGAGT	GCGTCAATTGCGGATTTGTGAG	61.41	60.57	61.41	61.41	60.57	60.57	[0-0]	[0-0]	[0-0]	[0-0]	97	97	NO_POLY_RUNS, NO_3_T	MULTI_5_GC
Pig244Fw:Pig190Rv	100	36/36	100	12/12	Pig (12/12)	NA	8.3872+/-7.5067	NA	Pig (8.3872+/-7.5067)	NA	Bacteroidetes (unknown)	NA	1	Pig (AF065, AF114, AF121, AF280, AF288, AF289, AF290, AF296, AF297, AF306, AF376, AF456)	NA	NA	Pig manure	NA	NA	NA	NA	GGATGCTGTGGGAGGAATGAGT	TGCGGATTTGTGAGATGCCTTC	61.41	60.82	61.41	61.41	60.82	60.82	[0-0]	[0-0]	[0-0]	[0-0]	89	89	NO_POLY_RUNS, NO_3_T	MULTI_5_GC, NO_POLY_RUNS
Pig244Fw:Pig210Rv	100	36/36	100	12/12	Pig (12/12)	NA	8.3872+/-7.5067	NA	Pig (8.3872+/-7.5067)	NA	Bacteroidetes (unknown)	NA	1	Pig (AF065, AF114, AF121, AF280, AF288, AF289, AF290, AF296, AF297, AF306, AF376, AF456)	NA	NA	Pig manure	NA	NA	NA	NA	GGATGCTGTGGGAGGAATGAGT	TTTGTGAGATGCCTTCGCAATC	61.41	59.1	61.41	61.41	59.1	59.1	[0-0]	[0-0]	[0-0]	[0-0]	83	83	NO_POLY_RUNS, NO_3_T	NO_POLY_RUNS
Pig244Fw:Pig213Rv	100	36/36	100	12/12	Pig (12/12)	NA	8.3872+/-7.5067	NA	Pig (8.3872+/-7.5067)	NA	Bacteroidetes (unknown)	NA	1	Pig (AF065, AF114, AF121, AF280, AF288, AF289, AF290, AF296, AF297, AF306, AF376, AF456)	NA	NA	Pig manure	NA	NA	NA	NA	GGATGCTGTGGGAGGAATGAGT	TTCGTGCCTCAGCGTCAATTGC	61.41	63.77	61.41	61.41	63.77	63.77	[0-0]	[0-0]	[0-0]	[0-0]	108	108	NO_POLY_RUNS, NO_3_T	PCR_VALID
Pig244Fw:Pig216Rv	100	36/36	100	12/12	Pig (12/12)	NA	8.3872+/-7.5067	NA	Pig (8.3872+/-7.5067)	NA	Bacteroidetes (unknown)	NA	1	Pig (AF065, AF114, AF121, AF280, AF288, AF289, AF290, AF296, AF297, AF306, AF376, AF456)	NA	NA	Pig manure	NA	NA	NA	NA	GGATGCTGTGGGAGGAATGAGT	CAATTGCGGATTTGTGAGATGC	61.41	58.43	61.41	61.41	58.43	58.43	[0-0]	[0-0]	[0-0]	[0-0]	93	93	NO_POLY_RUNS, NO_3_T	PCR_VALID
Pig244Fw:Pig248Rv	100	36/36	100	12/12	Pig (12/12)	NA	8.3872+/-7.5067	NA	Pig (8.3872+/-7.5067)	NA	Bacteroidetes (unknown)	NA	1	Pig (AF065, AF114, AF121, AF280, AF288, AF289, AF290, AF296, AF297, AF306, AF376, AF456)	NA	NA	Pig manure	NA	NA	NA	NA	GGATGCTGTGGGAGGAATGAGT	AATTGCGGATTTGTGAGATGCC	61.41	59.5	61.41	61.41	59.5	59.5	[0-0]	[0-0]	[0-0]	[0-0]	92	92	NO_POLY_RUNS, NO_3_T	PCR_VALID
Pig244Fw:Pig316Rv	100	36/36	100	12/12	Pig (12/12)	NA	8.3872+/-7.5067	NA	Pig (8.3872+/-7.5067)	NA	Bacteroidetes (unknown)	NA	1	Pig (AF065, AF114, AF121, AF280, AF288, AF289, AF290, AF296, AF297, AF306, AF376, AF456)	NA	NA	Pig manure	NA	NA	NA	NA	GGATGCTGTGGGAGGAATGAGT	AGCGTCAATTGCGGATTTGTGA	61.41	61.01	61.41	61.41	61.01	61.01	[0-0]	[0-0]	[0-0]	[0-0]	98	98	NO_POLY_RUNS, NO_3_T	PCR_VALID
Pig244Fw:Pig327Rv	100	36/36	100	12/12	Pig (12/12)	NA	8.3872+/-7.5067	NA	Pig (8.3872+/-7.5067)	NA	Bacteroidetes (unknown)	NA	1	Pig (AF065, AF114, AF121, AF280, AF288, AF289, AF290, AF296, AF297, AF306, AF376, AF456)	NA	NA	Pig manure	NA	NA	NA	NA	GGATGCTGTGGGAGGAATGAGT	CGTCAATTGCGGATTTGTGAGA	61.41	59.09	61.41	61.41	59.09	59.09	[0-0]	[0-0]	[0-0]	[0-0]	96	96	NO_POLY_RUNS, NO_3_T	MULTI_5_GC
Pig244Fw:Pig74Rv	100	36/36	100	12/12	Pig (12/12)	NA	8.3872+/-7.5067	NA	Pig (8.3872+/-7.5067)	NA	Bacteroidetes (unknown)	NA	1	Pig (AF065, AF114, AF121, AF280, AF288, AF289, AF290, AF296, AF297, AF306, AF376, AF456)	NA	NA	Pig manure	NA	NA	NA	NA	GGATGCTGTGGGAGGAATGAGT	ATTGCGGATTTGTGAGATGCCT	61.41	60.31	61.41	61.41	60.31	60.31	[0-0]	[0-0]	[0-0]	[0-0]	91	91	NO_POLY_RUNS, NO_3_T	NO_3_T
Pig244Fw:Pig91Rv	100	36/36	100	12/12	Pig (12/12)	NA	8.3872+/-7.5067	NA	Pig (8.3872+/-7.5067)	NA	Bacteroidetes (unknown)	NA	1	Pig (AF065, AF114, AF121, AF280, AF288, AF289, AF290, AF296, AF297, AF306, AF376, AF456)	NA	NA	Pig manure	NA	NA	NA	NA	GGATGCTGTGGGAGGAATGAGT	TGCCTCAGCGTCAATTGCGGAT	61.41	64.8	61.41	61.41	64.8	64.8	[0-0]	[0-0]	[0-0]	[0-0]	104	104	NO_POLY_RUNS, NO_3_T	MULTI_5_GC, NO_3_T
Pig245Fw:Pig118Rv	100	36/36	100	12/12	Pig (12/12)	NA	8.3872+/-7.5067	NA	Pig (8.3872+/-7.5067)	NA	Bacteroidetes (unknown)	NA	1	Pig (AF065, AF114, AF121, AF280, AF288, AF289, AF290, AF296, AF297, AF306, AF376, AF456)	NA	NA	Pig manure	NA	NA	NA	NA	GGCAACTCTGATCCAGCCATGC	ACGCGTGGCCCTTATTGCTCTG	63.46	65.09	63.46	63.46	65.09	65.09	[0-0]	[0-0]	[0-0]	[0-0]	89	89	PCR_VALID	MULTI_5_GC, NO_POLY_RUNS
Pig245Fw:Pig135Rv	100	36/36	100	12/12	Pig (12/12)	NA	8.3872+/-7.5067	NA	Pig (8.3872+/-7.5067)	NA	Bacteroidetes (unknown)	NA	1	Pig (AF065, AF114, AF121, AF280, AF288, AF289, AF290, AF296, AF297, AF306, AF376, AF456)	NA	NA	Pig manure	NA	NA	NA	NA	GGCAACTCTGATCCAGCCATGC	ATTCTACGCATACTCTCATCGG	63.46	56.88	63.46	63.46	56.88	56.88	[0-0]	[0-0]	[0-0]	[0-0]	114	114	PCR_VALID	NO_POLY_RUNS
Pig245Fw:Pig155Rv	100	36/36	100	12/12	Pig (12/12)	NA	8.3872+/-7.5067	NA	Pig (8.3872+/-7.5067)	NA	Bacteroidetes (unknown)	NA	1	Pig (AF065, AF114, AF121, AF280, AF288, AF289, AF290, AF296, AF297, AF306, AF376, AF456)	NA	NA	Pig manure	NA	NA	NA	NA	GGCAACTCTGATCCAGCCATGC	CATACTCTCATCGGACCACGCG	63.46	62.4	63.46	63.46	62.4	62.4	[0-0]	[0-0]	[0-0]	[0-0]	106	106	PCR_VALID	NO_POLY_RUNS
Pig245Fw:Pig164Rv	100	36/36	100	12/12	Pig (12/12)	NA	8.3872+/-7.5067	NA	Pig (8.3872+/-7.5067)	NA	Bacteroidetes (unknown)	NA	1	Pig (AF065, AF114, AF121, AF280, AF288, AF289, AF290, AF296, AF297, AF306, AF376, AF456)	NA	NA	Pig manure	NA	NA	NA	NA	GGCAACTCTGATCCAGCCATGC	GTTAGCCGATGCTTATTCTACG	63.46	56.4	63.46	63.46	56.4	56.4	[0-0]	[0-0]	[0-0]	[0-0]	128	128	PCR_VALID	PCR_VALID
Pig245Fw:Pig167Rv	100	36/36	100	12/12	Pig (12/12)	NA	8.3872+/-7.5067	NA	Pig (8.3872+/-7.5067)	NA	Bacteroidetes (unknown)	NA	1	Pig (AF065, AF114, AF121, AF280, AF288, AF289, AF290, AF296, AF297, AF306, AF376, AF456)	NA	NA	Pig manure	NA	NA	NA	NA	GGCAACTCTGATCCAGCCATGC	CGCATACTCTCATCGGACCACG	63.46	62.4	63.46	63.46	62.4	62.4	[0-0]	[0-0]	[0-0]	[0-0]	108	108	PCR_VALID	NO_POLY_RUNS
Pig245Fw:Pig181Rv	100	36/36	100	12/12	Pig (12/12)	NA	8.3872+/-7.5067	NA	Pig (8.3872+/-7.5067)	NA	Bacteroidetes (unknown)	NA	1	Pig (AF065, AF114, AF121, AF280, AF288, AF289, AF290, AF296, AF297, AF306, AF376, AF456)	NA	NA	Pig manure	NA	NA	NA	NA	GGCAACTCTGATCCAGCCATGC	CCTTATTGCTCTGCGTCTAAAG	63.46	56.45	63.46	63.46	56.45	56.45	[0-0]	[0-0]	[0-0]	[0-0]	80	80	PCR_VALID	PCR_VALID
Pig245Fw:Pig193Rv	100	36/36	100	12/12	Pig (12/12)	NA	8.3872+/-7.5067	NA	Pig (8.3872+/-7.5067)	NA	Bacteroidetes (unknown)	NA	1	Pig (AF065, AF114, AF121, AF280, AF288, AF289, AF290, AF296, AF297, AF306, AF376, AF456)	NA	NA	Pig manure	NA	NA	NA	NA	GGCAACTCTGATCCAGCCATGC	CGGAGTTAGCCGATGCTTATTC	63.46	58.6	63.46	63.46	58.6	58.6	[0-0]	[0-0]	[0-0]	[0-0]	132	132	PCR_VALID	MULTI_5_GC
Pig245Fw:Pig196Rv	100	36/36	100	12/12	Pig (12/12)	NA	8.3872+/-7.5067	NA	Pig (8.3872+/-7.5067)	NA	Bacteroidetes (unknown)	NA	1	Pig (AF065, AF114, AF121, AF280, AF288, AF289, AF290, AF296, AF297, AF306, AF376, AF456)	NA	NA	Pig manure	NA	NA	NA	NA	GGCAACTCTGATCCAGCCATGC	GTGGCCCTTATTGCTCTGCGTC	63.46	63.41	63.46	63.46	63.41	63.41	[0-0]	[0-0]	[0-0]	[0-0]	85	85	PCR_VALID	MULTI_5_GC, NO_POLY_RUNS
Pig245Fw:Pig227Rv	100	36/36	100	12/12	Pig (12/12)	NA	8.3872+/-7.5067	NA	Pig (8.3872+/-7.5067)	NA	Bacteroidetes (unknown)	NA	1	Pig (AF065, AF114, AF121, AF280, AF288, AF289, AF290, AF296, AF297, AF306, AF376, AF456)	NA	NA	Pig manure	NA	NA	NA	NA	GGCAACTCTGATCCAGCCATGC	TTAGCCGATGCTTATTCTACGC	63.46	58.03	63.46	63.46	58.03	58.03	[0-0]	[0-0]	[0-0]	[0-0]	127	127	PCR_VALID	PCR_VALID
Pig245Fw:Pig230Rv	100	36/36	100	12/12	Pig (12/12)	NA	8.3872+/-7.5067	NA	Pig (8.3872+/-7.5067)	NA	Bacteroidetes (unknown)	NA	1	Pig (AF065, AF114, AF121, AF280, AF288, AF289, AF290, AF296, AF297, AF306, AF376, AF456)	NA	NA	Pig manure	NA	NA	NA	NA	GGCAACTCTGATCCAGCCATGC	GCATACTCTCATCGGACCACGC	63.46	62.66	63.46	63.46	62.66	62.66	[0-0]	[0-0]	[0-0]	[0-0]	107	107	PCR_VALID	NO_POLY_RUNS
Pig245Fw:Pig24Rv	100	36/36	100	12/12	Pig (12/12)	NA	8.3872+/-7.5067	NA	Pig (8.3872+/-7.5067)	NA	Bacteroidetes (unknown)	NA	1	Pig (AF065, AF114, AF121, AF280, AF288, AF289, AF290, AF296, AF297, AF306, AF376, AF456)	NA	NA	Pig manure	NA	NA	NA	NA	GGCAACTCTGATCCAGCCATGC	ACGGAGTTAGCCGATGCTTATT	63.46	59.26	63.46	63.46	59.26	59.26	[0-0]	[0-0]	[0-0]	[0-0]	133	133	PCR_VALID	NO_3_T
Pig245Fw:Pig264Rv	100	36/36	100	12/12	Pig (12/12)	NA	8.3872+/-7.5067	NA	Pig (8.3872+/-7.5067)	NA	Bacteroidetes (unknown)	NA	1	Pig (AF065, AF114, AF121, AF280, AF288, AF289, AF290, AF296, AF297, AF306, AF376, AF456)	NA	NA	Pig manure	NA	NA	NA	NA	GGCAACTCTGATCCAGCCATGC	CTACGCATACTCTCATCGGACC	63.46	59.4	63.46	63.46	59.4	59.4	[0-0]	[0-0]	[0-0]	[0-0]	111	111	PCR_VALID	MULTI_5_GC, NO_POLY_RUNS
Pig245Fw:Pig277Rv	100	36/36	100	12/12	Pig (12/12)	NA	8.3872+/-7.5067	NA	Pig (8.3872+/-7.5067)	NA	Bacteroidetes (unknown)	NA	1	Pig (AF065, AF114, AF121, AF280, AF288, AF289, AF290, AF296, AF297, AF306, AF376, AF456)	NA	NA	Pig manure	NA	NA	NA	NA	GGCAACTCTGATCCAGCCATGC	TCTACGCATACTCTCATCGGAC	63.46	58.46	63.46	63.46	58.46	58.46	[0-0]	[0-0]	[0-0]	[0-0]	112	112	PCR_VALID	NO_POLY_RUNS
Pig245Fw:Pig284Rv	100	36/36	100	12/12	Pig (12/12)	NA	8.3872+/-7.5067	NA	Pig (8.3872+/-7.5067)	NA	Bacteroidetes (unknown)	NA	1	Pig (AF065, AF114, AF121, AF280, AF288, AF289, AF290, AF296, AF297, AF306, AF376, AF456)	NA	NA	Pig manure	NA	NA	NA	NA	GGCAACTCTGATCCAGCCATGC	ACGCATACTCTCATCGGACCAC	63.46	61.46	63.46	63.46	61.46	61.46	[0-0]	[0-0]	[0-0]	[0-0]	109	109	PCR_VALID	NO_POLY_RUNS
Pig245Fw:Pig303Rv	100	36/36	100	12/12	Pig (12/12)	NA	8.3872+/-7.5067	NA	Pig (8.3872+/-7.5067)	NA	Bacteroidetes (unknown)	NA	1	Pig (AF065, AF114, AF121, AF280, AF288, AF289, AF290, AF296, AF297, AF306, AF376, AF456)	NA	NA	Pig manure	NA	NA	NA	NA	GGCAACTCTGATCCAGCCATGC	GGCCCTTATTGCTCTGCGTCTA	63.46	61.81	63.46	63.46	61.81	61.81	[0-0]	[0-0]	[0-0]	[0-0]	83	83	PCR_VALID	MULTI_5_GC, NO_POLY_RUNS
Pig245Fw:Pig321Rv	100	36/36	100	12/12	Pig (12/12)	NA	8.3872+/-7.5067	NA	Pig (8.3872+/-7.5067)	NA	Bacteroidetes (unknown)	NA	1	Pig (AF065, AF114, AF121, AF280, AF288, AF289, AF290, AF296, AF297, AF306, AF376, AF456)	NA	NA	Pig manure	NA	NA	NA	NA	GGCAACTCTGATCCAGCCATGC	TTCTACGCATACTCTCATCGGA	63.46	57.8	63.46	63.46	57.8	57.8	[0-0]	[0-0]	[0-0]	[0-0]	113	113	PCR_VALID	NO_POLY_RUNS
Pig245Fw:Pig344Rv	100	36/36	100	12/12	Pig (12/12)	NA	8.3872+/-7.5067	NA	Pig (8.3872+/-7.5067)	NA	Bacteroidetes (unknown)	NA	1	Pig (AF065, AF114, AF121, AF280, AF288, AF289, AF290, AF296, AF297, AF306, AF376, AF456)	NA	NA	Pig manure	NA	NA	NA	NA	GGCAACTCTGATCCAGCCATGC	TAGCCGATGCTTATTCTACGCA	63.46	59.07	63.46	63.46	59.07	59.07	[0-0]	[0-0]	[0-0]	[0-0]	126	126	PCR_VALID	MULTI_5_GC
Pig245Fw:Pig354Rv	100	36/36	100	12/12	Pig (12/12)	NA	8.3872+/-7.5067	NA	Pig (8.3872+/-7.5067)	NA	Bacteroidetes (unknown)	NA	1	Pig (AF065, AF114, AF121, AF280, AF288, AF289, AF290, AF296, AF297, AF306, AF376, AF456)	NA	NA	Pig manure	NA	NA	NA	NA	GGCAACTCTGATCCAGCCATGC	TACGCATACTCTCATCGGACCA	63.46	60.07	63.46	63.46	60.07	60.07	[0-0]	[0-0]	[0-0]	[0-0]	110	110	PCR_VALID	NO_POLY_RUNS
Pig245Fw:Pig365Rv	100	36/36	100	12/12	Pig (12/12)	NA	8.3872+/-7.5067	NA	Pig (8.3872+/-7.5067)	NA	Bacteroidetes (unknown)	NA	1	Pig (AF065, AF114, AF121, AF280, AF288, AF289, AF290, AF296, AF297, AF306, AF376, AF456)	NA	NA	Pig manure	NA	NA	NA	NA	GGCAACTCTGATCCAGCCATGC	GCCCTTATTGCTCTGCGTCTAA	63.46	60.07	63.46	63.46	60.07	60.07	[0-0]	[0-0]	[0-0]	[0-0]	82	82	PCR_VALID	MULTI_5_GC, NO_POLY_RUNS
Pig245Fw:Pig383Rv	100	36/36	100	12/12	Pig (12/12)	NA	8.3872+/-7.5067	NA	Pig (8.3872+/-7.5067)	NA	Bacteroidetes (unknown)	NA	1	Pig (AF065, AF114, AF121, AF280, AF288, AF289, AF290, AF296, AF297, AF306, AF376, AF456)	NA	NA	Pig manure	NA	NA	NA	NA	GGCAACTCTGATCCAGCCATGC	CCCTTATTGCTCTGCGTCTAAA	63.46	57.75	63.46	63.46	57.75	57.75	[0-0]	[0-0]	[0-0]	[0-0]	81	81	PCR_VALID	MULTI_5_GC, NO_POLY_RUNS
Pig245Fw:Pig40Rv	100	36/36	100	12/12	Pig (12/12)	NA	8.3872+/-7.5067	NA	Pig (8.3872+/-7.5067)	NA	Bacteroidetes (unknown)	NA	1	Pig (AF065, AF114, AF121, AF280, AF288, AF289, AF290, AF296, AF297, AF306, AF376, AF456)	NA	NA	Pig manure	NA	NA	NA	NA	GGCAACTCTGATCCAGCCATGC	CGTGGCCCTTATTGCTCTGCGT	63.46	65.09	63.46	63.46	65.09	65.09	[0-0]	[0-0]	[0-0]	[0-0]	86	86	PCR_VALID	MULTI_5_GC, NO_POLY_RUNS, NO_3_T
Pig245Fw:Pig41Rv	100	36/36	100	12/12	Pig (12/12)	NA	8.3872+/-7.5067	NA	Pig (8.3872+/-7.5067)	NA	Bacteroidetes (unknown)	NA	1	Pig (AF065, AF114, AF121, AF280, AF288, AF289, AF290, AF296, AF297, AF306, AF376, AF456)	NA	NA	Pig manure	NA	NA	NA	NA	GGCAACTCTGATCCAGCCATGC	ATACTCTCATCGGACCACGCGT	63.46	62.88	63.46	63.46	62.88	62.88	[0-0]	[0-0]	[0-0]	[0-0]	105	105	PCR_VALID	NO_POLY_RUNS, NO_3_T
Pig245Fw:Pig57Rv	100	36/36	100	12/12	Pig (12/12)	NA	8.3872+/-7.5067	NA	Pig (8.3872+/-7.5067)	NA	Bacteroidetes (unknown)	NA	1	Pig (AF065, AF114, AF121, AF280, AF288, AF289, AF290, AF296, AF297, AF306, AF376, AF456)	NA	NA	Pig manure	NA	NA	NA	NA	GGCAACTCTGATCCAGCCATGC	TGGCCCTTATTGCTCTGCGTCT	63.46	63.7	63.46	63.46	63.7	63.7	[0-0]	[0-0]	[0-0]	[0-0]	84	84	PCR_VALID	MULTI_5_GC, NO_POLY_RUNS, NO_3_T
Pig245Fw:Pig84Rv	100	36/36	100	12/12	Pig (12/12)	NA	8.3872+/-7.5067	NA	Pig (8.3872+/-7.5067)	NA	Bacteroidetes (unknown)	NA	1	Pig (AF065, AF114, AF121, AF280, AF288, AF289, AF290, AF296, AF297, AF306, AF376, AF456)	NA	NA	Pig manure	NA	NA	NA	NA	GGCAACTCTGATCCAGCCATGC	CACGGAGTTAGCCGATGCTTAT	63.46	59.9	63.46	63.46	59.9	59.9	[0-0]	[0-0]	[0-0]	[0-0]	134	134	PCR_VALID	MULTI_5_GC, NO_3_T
Pig254Fw:Pig100Rv	100	36/36	100	12/12	Pig (12/12)	NA	8.3872+/-7.5067	NA	Pig (8.3872+/-7.5067)	NA	Bacteroidetes (unknown)	NA	1	Pig (AF065, AF114, AF121, AF280, AF288, AF289, AF290, AF296, AF297, AF306, AF376, AF456)	NA	NA	Pig manure	NA	NA	NA	NA	GGCTTTGCAAGTCAGCGGTGAA	GCTTTCGTGCCTCAGCGTCAAT	63.67	63.53	63.67	63.67	63.53	63.53	[0-0]	[0-0]	[0-0]	[0-0]	184	184	MULTI_5_GC	NO_POLY_RUNS, NO_3_T
Pig254Fw:Pig104Rv	100	36/36	100	12/12	Pig (12/12)	NA	8.3872+/-7.5067	NA	Pig (8.3872+/-7.5067)	NA	Bacteroidetes (unknown)	NA	1	Pig (AF065, AF114, AF121, AF280, AF288, AF289, AF290, AF296, AF297, AF306, AF376, AF456)	NA	NA	Pig manure	NA	NA	NA	NA	GGCTTTGCAAGTCAGCGGTGAA	CTCAGCGTCAATTGCGGATTTG	63.67	60.34	63.67	63.67	60.34	60.34	[0-0]	[0-0]	[0-0]	[0-0]	174	174	MULTI_5_GC	MULTI_5_GC
Pig254Fw:Pig113Rv	100	36/36	100	12/12	Pig (12/12)	NA	8.3872+/-7.5067	NA	Pig (8.3872+/-7.5067)	NA	Bacteroidetes (unknown)	NA	1	Pig (AF065, AF114, AF121, AF280, AF288, AF289, AF290, AF296, AF297, AF306, AF376, AF456)	NA	NA	Pig manure	NA	NA	NA	NA	GGCTTTGCAAGTCAGCGGTGAA	TTTCGTGCCTCAGCGTCAATTG	63.67	61.52	63.67	63.67	61.52	61.52	[0-0]	[0-0]	[0-0]	[0-0]	182	182	MULTI_5_GC	PCR_VALID
Pig254Fw:Pig114Rv	100	36/36	100	12/12	Pig (12/12)	NA	8.3872+/-7.5067	NA	Pig (8.3872+/-7.5067)	NA	Bacteroidetes (unknown)	NA	1	Pig (AF065, AF114, AF121, AF280, AF288, AF289, AF290, AF296, AF297, AF306, AF376, AF456)	NA	NA	Pig manure	NA	NA	NA	NA	GGCTTTGCAAGTCAGCGGTGAA	CAGCGTCAATTGCGGATTTGTG	63.67	60.83	63.67	63.67	60.83	60.83	[0-0]	[0-0]	[0-0]	[0-0]	172	172	MULTI_5_GC	MULTI_5_GC
Pig254Fw:Pig115Rv	100	36/36	100	12/12	Pig (12/12)	NA	8.3872+/-7.5067	NA	Pig (8.3872+/-7.5067)	NA	Bacteroidetes (unknown)	NA	1	Pig (AF065, AF114, AF121, AF280, AF288, AF289, AF290, AF296, AF297, AF306, AF376, AF456)	NA	NA	Pig manure	NA	NA	NA	NA	GGCTTTGCAAGTCAGCGGTGAA	TGAGATGCCTTCGCAATCGGTG	63.67	62.84	63.67	63.67	62.84	62.84	[0-0]	[0-0]	[0-0]	[0-0]	152	152	MULTI_5_GC	NO_POLY_RUNS
Pig254Fw:Pig116Rv	100	36/36	100	12/12	Pig (12/12)	NA	8.3872+/-7.5067	NA	Pig (8.3872+/-7.5067)	NA	Bacteroidetes (unknown)	NA	1	Pig (AF065, AF114, AF121, AF280, AF288, AF289, AF290, AF296, AF297, AF306, AF376, AF456)	NA	NA	Pig manure	NA	NA	NA	NA	GGCTTTGCAAGTCAGCGGTGAA	TTCGCAATCGGTGTTCTGAGTG	63.67	60.66	63.67	63.67	60.66	60.66	[0-0]	[0-0]	[0-0]	[0-0]	143	143	MULTI_5_GC	MULTI_5_GC
Pig254Fw:Pig138Rv	100	36/36	100	12/12	Pig (12/12)	NA	8.3872+/-7.5067	NA	Pig (8.3872+/-7.5067)	NA	Bacteroidetes (unknown)	NA	1	Pig (AF065, AF114, AF121, AF280, AF288, AF289, AF290, AF296, AF297, AF306, AF376, AF456)	NA	NA	Pig manure	NA	NA	NA	NA	GGCTTTGCAAGTCAGCGGTGAA	TGTGAGATGCCTTCGCAATCGG	63.67	62.84	63.67	63.67	62.84	62.84	[0-0]	[0-0]	[0-0]	[0-0]	154	154	MULTI_5_GC	NO_POLY_RUNS
Pig254Fw:Pig147Rv	100	36/36	100	12/12	Pig (12/12)	NA	8.3872+/-7.5067	NA	Pig (8.3872+/-7.5067)	NA	Bacteroidetes (unknown)	NA	1	Pig (AF065, AF114, AF121, AF280, AF288, AF289, AF290, AF296, AF297, AF306, AF376, AF456)	NA	NA	Pig manure	NA	NA	NA	NA	GGCTTTGCAAGTCAGCGGTGAA	GCGGATTTGTGAGATGCCTTCG	63.67	61.77	63.67	63.67	61.77	61.77	[0-0]	[0-0]	[0-0]	[0-0]	161	161	MULTI_5_GC	MULTI_5_GC, NO_POLY_RUNS
Pig254Fw:Pig151Rv	100	36/36	100	12/12	Pig (12/12)	NA	8.3872+/-7.5067	NA	Pig (8.3872+/-7.5067)	NA	Bacteroidetes (unknown)	NA	1	Pig (AF065, AF114, AF121, AF280, AF288, AF289, AF290, AF296, AF297, AF306, AF376, AF456)	NA	NA	Pig manure	NA	NA	NA	NA	GGCTTTGCAAGTCAGCGGTGAA	TTGTGAGATGCCTTCGCAATCG	63.67	61.12	63.67	63.67	61.12	61.12	[0-0]	[0-0]	[0-0]	[0-0]	155	155	MULTI_5_GC	NO_POLY_RUNS
Pig254Fw:Pig152Rv	100	36/36	100	12/12	Pig (12/12)	NA	8.3872+/-7.5067	NA	Pig (8.3872+/-7.5067)	NA	Bacteroidetes (unknown)	NA	1	Pig (AF065, AF114, AF121, AF280, AF288, AF289, AF290, AF296, AF297, AF306, AF376, AF456)	NA	NA	Pig manure	NA	NA	NA	NA	GGCTTTGCAAGTCAGCGGTGAA	TCGTGCCTCAGCGTCAATTGCG	63.67	65.71	63.67	63.67	65.71	65.71	[0-0]	[0-0]	[0-0]	[0-0]	180	180	MULTI_5_GC	MULTI_5_GC
Pig254Fw:Pig157Rv	100	36/36	100	12/12	Pig (12/12)	NA	8.3872+/-7.5067	NA	Pig (8.3872+/-7.5067)	NA	Bacteroidetes (unknown)	NA	1	Pig (AF065, AF114, AF121, AF280, AF288, AF289, AF290, AF296, AF297, AF306, AF376, AF456)	NA	NA	Pig manure	NA	NA	NA	NA	GGCTTTGCAAGTCAGCGGTGAA	CTCATTCCTCCCACAGCATCCG	63.67	62.37	63.67	63.67	62.37	62.37	[0-0]	[0-0]	[0-0]	[0-0]	94	94	MULTI_5_GC	NO_POLY_RUNS
Pig254Fw:Pig171Rv	100	36/36	100	12/12	Pig (12/12)	NA	8.3872+/-7.5067	NA	Pig (8.3872+/-7.5067)	NA	Bacteroidetes (unknown)	NA	1	Pig (AF065, AF114, AF121, AF280, AF288, AF289, AF290, AF296, AF297, AF306, AF376, AF456)	NA	NA	Pig manure	NA	NA	NA	NA	GGCTTTGCAAGTCAGCGGTGAA	GCGTCAATTGCGGATTTGTGAG	63.67	60.57	63.67	63.67	60.57	60.57	[0-0]	[0-0]	[0-0]	[0-0]	170	170	MULTI_5_GC	MULTI_5_GC
Pig254Fw:Pig172Rv	100	36/36	100	12/12	Pig (12/12)	NA	8.3872+/-7.5067	NA	Pig (8.3872+/-7.5067)	NA	Bacteroidetes (unknown)	NA	1	Pig (AF065, AF114, AF121, AF280, AF288, AF289, AF290, AF296, AF297, AF306, AF376, AF456)	NA	NA	Pig manure	NA	NA	NA	NA	GGCTTTGCAAGTCAGCGGTGAA	CCTTCGCAATCGGTGTTCTGAG	63.67	61.07	63.67	63.67	61.07	61.07	[0-0]	[0-0]	[0-0]	[0-0]	145	145	MULTI_5_GC	MULTI_5_GC, NO_POLY_RUNS
Pig254Fw:Pig177Rv	100	36/36	100	12/12	Pig (12/12)	NA	8.3872+/-7.5067	NA	Pig (8.3872+/-7.5067)	NA	Bacteroidetes (unknown)	NA	1	Pig (AF065, AF114, AF121, AF280, AF288, AF289, AF290, AF296, AF297, AF306, AF376, AF456)	NA	NA	Pig manure	NA	NA	NA	NA	GGCTTTGCAAGTCAGCGGTGAA	CATCCGCATTCCAGCCTCACAG	63.67	63.18	63.67	63.67	63.18	63.18	[0-0]	[0-0]	[0-0]	[0-0]	78	78	MULTI_5_GC	MULTI_5_GC
Pig254Fw:Pig190Rv	100	36/36	100	12/12	Pig (12/12)	NA	8.3872+/-7.5067	NA	Pig (8.3872+/-7.5067)	NA	Bacteroidetes (unknown)	NA	1	Pig (AF065, AF114, AF121, AF280, AF288, AF289, AF290, AF296, AF297, AF306, AF376, AF456)	NA	NA	Pig manure	NA	NA	NA	NA	GGCTTTGCAAGTCAGCGGTGAA	TGCGGATTTGTGAGATGCCTTC	63.67	60.82	63.67	63.67	60.82	60.82	[0-0]	[0-0]	[0-0]	[0-0]	162	162	MULTI_5_GC	MULTI_5_GC, NO_POLY_RUNS
Pig254Fw:Pig19Rv	100	36/36	100	12/12	Pig (12/12)	NA	8.3872+/-7.5067	NA	Pig (8.3872+/-7.5067)	NA	Bacteroidetes (unknown)	NA	1	Pig (AF065, AF114, AF121, AF280, AF288, AF289, AF290, AF296, AF297, AF306, AF376, AF456)	NA	NA	Pig manure	NA	NA	NA	NA	GGCTTTGCAAGTCAGCGGTGAA	TTGCGGATTTGTGAGATGCCTT	63.67	60.46	63.67	63.67	60.46	60.46	[0-0]	[0-0]	[0-0]	[0-0]	163	163	MULTI_5_GC	MULTI_5_GC, NO_3_T
Pig254Fw:Pig206Rv	100	36/36	100	12/12	Pig (12/12)	NA	8.3872+/-7.5067	NA	Pig (8.3872+/-7.5067)	NA	Bacteroidetes (unknown)	NA	1	Pig (AF065, AF114, AF121, AF280, AF288, AF289, AF290, AF296, AF297, AF306, AF376, AF456)	NA	NA	Pig manure	NA	NA	NA	NA	GGCTTTGCAAGTCAGCGGTGAA	CACTCATTCCTCCCACAGCATC	63.67	60.29	63.67	63.67	60.29	60.29	[0-0]	[0-0]	[0-0]	[0-0]	96	96	MULTI_5_GC	MULTI_5_GC, NO_POLY_RUNS
Pig254Fw:Pig210Rv	100	36/36	100	12/12	Pig (12/12)	NA	8.3872+/-7.5067	NA	Pig (8.3872+/-7.5067)	NA	Bacteroidetes (unknown)	NA	1	Pig (AF065, AF114, AF121, AF280, AF288, AF289, AF290, AF296, AF297, AF306, AF376, AF456)	NA	NA	Pig manure	NA	NA	NA	NA	GGCTTTGCAAGTCAGCGGTGAA	TTTGTGAGATGCCTTCGCAATC	63.67	59.1	63.67	63.67	59.1	59.1	[0-0]	[0-0]	[0-0]	[0-0]	156	156	MULTI_5_GC	NO_POLY_RUNS
Pig254Fw:Pig213Rv	100	36/36	100	12/12	Pig (12/12)	NA	8.3872+/-7.5067	NA	Pig (8.3872+/-7.5067)	NA	Bacteroidetes (unknown)	NA	1	Pig (AF065, AF114, AF121, AF280, AF288, AF289, AF290, AF296, AF297, AF306, AF376, AF456)	NA	NA	Pig manure	NA	NA	NA	NA	GGCTTTGCAAGTCAGCGGTGAA	TTCGTGCCTCAGCGTCAATTGC	63.67	63.77	63.67	63.67	63.77	63.77	[0-0]	[0-0]	[0-0]	[0-0]	181	181	MULTI_5_GC	PCR_VALID
Pig254Fw:Pig216Rv	100	36/36	100	12/12	Pig (12/12)	NA	8.3872+/-7.5067	NA	Pig (8.3872+/-7.5067)	NA	Bacteroidetes (unknown)	NA	1	Pig (AF065, AF114, AF121, AF280, AF288, AF289, AF290, AF296, AF297, AF306, AF376, AF456)	NA	NA	Pig manure	NA	NA	NA	NA	GGCTTTGCAAGTCAGCGGTGAA	CAATTGCGGATTTGTGAGATGC	63.67	58.43	63.67	63.67	58.43	58.43	[0-0]	[0-0]	[0-0]	[0-0]	166	166	MULTI_5_GC	PCR_VALID
Pig254Fw:Pig224Rv	100	36/36	100	12/12	Pig (12/12)	NA	8.3872+/-7.5067	NA	Pig (8.3872+/-7.5067)	NA	Bacteroidetes (unknown)	NA	1	Pig (AF065, AF114, AF121, AF280, AF288, AF289, AF290, AF296, AF297, AF306, AF376, AF456)	NA	NA	Pig manure	NA	NA	NA	NA	GGCTTTGCAAGTCAGCGGTGAA	CGGATTTGTGAGATGCCTTCGC	63.67	61.77	63.67	63.67	61.77	61.77	[0-0]	[0-0]	[0-0]	[0-0]	160	160	MULTI_5_GC	NO_POLY_RUNS
Pig254Fw:Pig225Rv	100	36/36	100	12/12	Pig (12/12)	NA	8.3872+/-7.5067	NA	Pig (8.3872+/-7.5067)	NA	Bacteroidetes (unknown)	NA	1	Pig (AF065, AF114, AF121, AF280, AF288, AF289, AF290, AF296, AF297, AF306, AF376, AF456)	NA	NA	Pig manure	NA	NA	NA	NA	GGCTTTGCAAGTCAGCGGTGAA	TCATTCCTCCCACAGCATCCGC	63.67	64.33	63.67	63.67	64.33	64.33	[0-0]	[0-0]	[0-0]	[0-0]	93	93	MULTI_5_GC	NO_POLY_RUNS
Pig254Fw:Pig244Rv	100	36/36	100	12/12	Pig (12/12)	NA	8.3872+/-7.5067	NA	Pig (8.3872+/-7.5067)	NA	Bacteroidetes (unknown)	NA	1	Pig (AF065, AF114, AF121, AF280, AF288, AF289, AF290, AF296, AF297, AF306, AF376, AF456)	NA	NA	Pig manure	NA	NA	NA	NA	GGCTTTGCAAGTCAGCGGTGAA	ACTCATTCCTCCCACAGCATCC	63.67	61.41	63.67	63.67	61.41	61.41	[0-0]	[0-0]	[0-0]	[0-0]	95	95	MULTI_5_GC	NO_POLY_RUNS
Pig254Fw:Pig248Rv	100	36/36	100	12/12	Pig (12/12)	NA	8.3872+/-7.5067	NA	Pig (8.3872+/-7.5067)	NA	Bacteroidetes (unknown)	NA	1	Pig (AF065, AF114, AF121, AF280, AF288, AF289, AF290, AF296, AF297, AF306, AF376, AF456)	NA	NA	Pig manure	NA	NA	NA	NA	GGCTTTGCAAGTCAGCGGTGAA	AATTGCGGATTTGTGAGATGCC	63.67	59.5	63.67	63.67	59.5	59.5	[0-0]	[0-0]	[0-0]	[0-0]	165	165	MULTI_5_GC	PCR_VALID
Pig254Fw:Pig255Rv	100	36/36	100	12/12	Pig (12/12)	NA	8.3872+/-7.5067	NA	Pig (8.3872+/-7.5067)	NA	Bacteroidetes (unknown)	NA	1	Pig (AF065, AF114, AF121, AF280, AF288, AF289, AF290, AF296, AF297, AF306, AF376, AF456)	NA	NA	Pig manure	NA	NA	NA	NA	GGCTTTGCAAGTCAGCGGTGAA	CGCTACACCACTCATTCCTCCC	63.67	62	63.67	63.67	62	62	[0-0]	[0-0]	[0-0]	[0-0]	104	104	MULTI_5_GC	POLY_3_GC, MULTI_5_GC, NO_POLY_RUNS
Pig254Fw:Pig27Rv	100	36/36	100	12/12	Pig (12/12)	NA	8.3872+/-7.5067	NA	Pig (8.3872+/-7.5067)	NA	Bacteroidetes (unknown)	NA	1	Pig (AF065, AF114, AF121, AF280, AF288, AF289, AF290, AF296, AF297, AF306, AF376, AF456)	NA	NA	Pig manure	NA	NA	NA	NA	GGCTTTGCAAGTCAGCGGTGAA	GCCTCAGCGTCAATTGCGGATT	63.67	63.7	63.67	63.67	63.7	63.7	[0-0]	[0-0]	[0-0]	[0-0]	176	176	MULTI_5_GC	MULTI_5_GC, NO_3_T
Pig254Fw:Pig302Rv	100	36/36	100	12/12	Pig (12/12)	NA	8.3872+/-7.5067	NA	Pig (8.3872+/-7.5067)	NA	Bacteroidetes (unknown)	NA	1	Pig (AF065, AF114, AF121, AF280, AF288, AF289, AF290, AF296, AF297, AF306, AF376, AF456)	NA	NA	Pig manure	NA	NA	NA	NA	GGCTTTGCAAGTCAGCGGTGAA	TCCGCATTCCAGCCTCACAGTA	63.67	63.06	63.67	63.67	63.06	63.06	[0-0]	[0-0]	[0-0]	[0-0]	76	76	MULTI_5_GC	MULTI_5_GC
Pig254Fw:Pig316Rv	100	36/36	100	12/12	Pig (12/12)	NA	8.3872+/-7.5067	NA	Pig (8.3872+/-7.5067)	NA	Bacteroidetes (unknown)	NA	1	Pig (AF065, AF114, AF121, AF280, AF288, AF289, AF290, AF296, AF297, AF306, AF376, AF456)	NA	NA	Pig manure	NA	NA	NA	NA	GGCTTTGCAAGTCAGCGGTGAA	AGCGTCAATTGCGGATTTGTGA	63.67	61.01	63.67	63.67	61.01	61.01	[0-0]	[0-0]	[0-0]	[0-0]	171	171	MULTI_5_GC	PCR_VALID
Pig254Fw:Pig319Rv	100	36/36	100	12/12	Pig (12/12)	NA	8.3872+/-7.5067	NA	Pig (8.3872+/-7.5067)	NA	Bacteroidetes (unknown)	NA	1	Pig (AF065, AF114, AF121, AF280, AF288, AF289, AF290, AF296, AF297, AF306, AF376, AF456)	NA	NA	Pig manure	NA	NA	NA	NA	GGCTTTGCAAGTCAGCGGTGAA	GCCTTCGCAATCGGTGTTCTGA	63.67	62.97	63.67	63.67	62.97	62.97	[0-0]	[0-0]	[0-0]	[0-0]	146	146	MULTI_5_GC	MULTI_5_GC, NO_POLY_RUNS
Pig254Fw:Pig31Rv	100	36/36	100	12/12	Pig (12/12)	NA	8.3872+/-7.5067	NA	Pig (8.3872+/-7.5067)	NA	Bacteroidetes (unknown)	NA	1	Pig (AF065, AF114, AF121, AF280, AF288, AF289, AF290, AF296, AF297, AF306, AF376, AF456)	NA	NA	Pig manure	NA	NA	NA	NA	GGCTTTGCAAGTCAGCGGTGAA	CTTTCGTGCCTCAGCGTCAATT	63.67	61.28	63.67	63.67	61.28	61.28	[0-0]	[0-0]	[0-0]	[0-0]	183	183	MULTI_5_GC	NO_POLY_RUNS, NO_3_T
Pig254Fw:Pig324Rv	100	36/36	100	12/12	Pig (12/12)	NA	8.3872+/-7.5067	NA	Pig (8.3872+/-7.5067)	NA	Bacteroidetes (unknown)	NA	1	Pig (AF065, AF114, AF121, AF280, AF288, AF289, AF290, AF296, AF297, AF306, AF376, AF456)	NA	NA	Pig manure	NA	NA	NA	NA	GGCTTTGCAAGTCAGCGGTGAA	GTGCCTCAGCGTCAATTGCGGA	63.67	65.49	63.67	63.67	65.49	65.49	[0-0]	[0-0]	[0-0]	[0-0]	178	178	MULTI_5_GC	MULTI_5_GC
Pig254Fw:Pig327Rv	100	36/36	100	12/12	Pig (12/12)	NA	8.3872+/-7.5067	NA	Pig (8.3872+/-7.5067)	NA	Bacteroidetes (unknown)	NA	1	Pig (AF065, AF114, AF121, AF280, AF288, AF289, AF290, AF296, AF297, AF306, AF376, AF456)	NA	NA	Pig manure	NA	NA	NA	NA	GGCTTTGCAAGTCAGCGGTGAA	CGTCAATTGCGGATTTGTGAGA	63.67	59.09	63.67	63.67	59.09	59.09	[0-0]	[0-0]	[0-0]	[0-0]	169	169	MULTI_5_GC	MULTI_5_GC
Pig254Fw:Pig32Rv	100	36/36	100	12/12	Pig (12/12)	NA	8.3872+/-7.5067	NA	Pig (8.3872+/-7.5067)	NA	Bacteroidetes (unknown)	NA	1	Pig (AF065, AF114, AF121, AF280, AF288, AF289, AF290, AF296, AF297, AF306, AF376, AF456)	NA	NA	Pig manure	NA	NA	NA	NA	GGCTTTGCAAGTCAGCGGTGAA	TCAGCGTCAATTGCGGATTTGT	63.67	61.01	63.67	63.67	61.01	61.01	[0-0]	[0-0]	[0-0]	[0-0]	173	173	MULTI_5_GC	MULTI_5_GC, NO_3_T
Pig254Fw:Pig342Rv	100	36/36	100	12/12	Pig (12/12)	NA	8.3872+/-7.5067	NA	Pig (8.3872+/-7.5067)	NA	Bacteroidetes (unknown)	NA	1	Pig (AF065, AF114, AF121, AF280, AF288, AF289, AF290, AF296, AF297, AF306, AF376, AF456)	NA	NA	Pig manure	NA	NA	NA	NA	GGCTTTGCAAGTCAGCGGTGAA	GGATTTGTGAGATGCCTTCGCA	63.67	60.82	63.67	63.67	60.82	60.82	[0-0]	[0-0]	[0-0]	[0-0]	159	159	MULTI_5_GC	NO_POLY_RUNS
Pig254Fw:Pig343Rv	100	36/36	100	12/12	Pig (12/12)	NA	8.3872+/-7.5067	NA	Pig (8.3872+/-7.5067)	NA	Bacteroidetes (unknown)	NA	1	Pig (AF065, AF114, AF121, AF280, AF288, AF289, AF290, AF296, AF297, AF306, AF376, AF456)	NA	NA	Pig manure	NA	NA	NA	NA	GGCTTTGCAAGTCAGCGGTGAA	CATTCCTCCCACAGCATCCGCA	63.67	64.59	63.67	63.67	64.59	64.59	[0-0]	[0-0]	[0-0]	[0-0]	92	92	MULTI_5_GC	NO_POLY_RUNS
Pig254Fw:Pig349Rv	100	36/36	100	12/12	Pig (12/12)	NA	8.3872+/-7.5067	NA	Pig (8.3872+/-7.5067)	NA	Bacteroidetes (unknown)	NA	1	Pig (AF065, AF114, AF121, AF280, AF288, AF289, AF290, AF296, AF297, AF306, AF376, AF456)	NA	NA	Pig manure	NA	NA	NA	NA	GGCTTTGCAAGTCAGCGGTGAA	GCTACACCACTCATTCCTCCCA	63.67	61.04	63.67	63.67	61.04	61.04	[0-0]	[0-0]	[0-0]	[0-0]	103	103	MULTI_5_GC	MULTI_5_GC, NO_POLY_RUNS
Pig254Fw:Pig375Rv	100	36/36	100	12/12	Pig (12/12)	NA	8.3872+/-7.5067	NA	Pig (8.3872+/-7.5067)	NA	Bacteroidetes (unknown)	NA	1	Pig (AF065, AF114, AF121, AF280, AF288, AF289, AF290, AF296, AF297, AF306, AF376, AF456)	NA	NA	Pig manure	NA	NA	NA	NA	GGCTTTGCAAGTCAGCGGTGAA	GATTTGTGAGATGCCTTCGCAA	63.67	59.1	63.67	63.67	59.1	59.1	[0-0]	[0-0]	[0-0]	[0-0]	158	158	MULTI_5_GC	NO_POLY_RUNS
Pig254Fw:Pig38Rv	100	36/36	100	12/12	Pig (12/12)	NA	8.3872+/-7.5067	NA	Pig (8.3872+/-7.5067)	NA	Bacteroidetes (unknown)	NA	1	Pig (AF065, AF114, AF121, AF280, AF288, AF289, AF290, AF296, AF297, AF306, AF376, AF456)	NA	NA	Pig manure	NA	NA	NA	NA	GGCTTTGCAAGTCAGCGGTGAA	GTGAGATGCCTTCGCAATCGGT	63.67	62.84	63.67	63.67	62.84	62.84	[0-0]	[0-0]	[0-0]	[0-0]	153	153	MULTI_5_GC	NO_POLY_RUNS, NO_3_T
Pig254Fw:Pig3Rv	100	36/36	100	12/12	Pig (12/12)	NA	8.3872+/-7.5067	NA	Pig (8.3872+/-7.5067)	NA	Bacteroidetes (unknown)	NA	1	Pig (AF065, AF114, AF121, AF280, AF288, AF289, AF290, AF296, AF297, AF306, AF376, AF456)	NA	NA	Pig manure	NA	NA	NA	NA	GGCTTTGCAAGTCAGCGGTGAA	CCTCAGCGTCAATTGCGGATTT	63.67	61.43	63.67	63.67	61.43	61.43	[0-0]	[0-0]	[0-0]	[0-0]	175	175	MULTI_5_GC	MULTI_5_GC, NO_3_T
Pig254Fw:Pig48Rv	100	36/36	100	12/12	Pig (12/12)	NA	8.3872+/-7.5067	NA	Pig (8.3872+/-7.5067)	NA	Bacteroidetes (unknown)	NA	1	Pig (AF065, AF114, AF121, AF280, AF288, AF289, AF290, AF296, AF297, AF306, AF376, AF456)	NA	NA	Pig manure	NA	NA	NA	NA	GGCTTTGCAAGTCAGCGGTGAA	CTTCGCAATCGGTGTTCTGAGT	63.67	60.41	63.67	63.67	60.41	60.41	[0-0]	[0-0]	[0-0]	[0-0]	144	144	MULTI_5_GC	MULTI_5_GC, NO_3_T
Pig254Fw:Pig51Rv	100	36/36	100	12/12	Pig (12/12)	NA	8.3872+/-7.5067	NA	Pig (8.3872+/-7.5067)	NA	Bacteroidetes (unknown)	NA	1	Pig (AF065, AF114, AF121, AF280, AF288, AF289, AF290, AF296, AF297, AF306, AF376, AF456)	NA	NA	Pig manure	NA	NA	NA	NA	GGCTTTGCAAGTCAGCGGTGAA	ATCCGCATTCCAGCCTCACAGT	63.67	63.7	63.67	63.67	63.7	63.7	[0-0]	[0-0]	[0-0]	[0-0]	77	77	MULTI_5_GC	MULTI_5_GC, NO_3_T
Pig254Fw:Pig74Rv	100	36/36	100	12/12	Pig (12/12)	NA	8.3872+/-7.5067	NA	Pig (8.3872+/-7.5067)	NA	Bacteroidetes (unknown)	NA	1	Pig (AF065, AF114, AF121, AF280, AF288, AF289, AF290, AF296, AF297, AF306, AF376, AF456)	NA	NA	Pig manure	NA	NA	NA	NA	GGCTTTGCAAGTCAGCGGTGAA	ATTGCGGATTTGTGAGATGCCT	63.67	60.31	63.67	63.67	60.31	60.31	[0-0]	[0-0]	[0-0]	[0-0]	164	164	MULTI_5_GC	NO_3_T
Pig254Fw:Pig87Rv	100	36/36	100	12/12	Pig (12/12)	NA	8.3872+/-7.5067	NA	Pig (8.3872+/-7.5067)	NA	Bacteroidetes (unknown)	NA	1	Pig (AF065, AF114, AF121, AF280, AF288, AF289, AF290, AF296, AF297, AF306, AF376, AF456)	NA	NA	Pig manure	NA	NA	NA	NA	GGCTTTGCAAGTCAGCGGTGAA	CCGCATTCCAGCCTCACAGTAT	63.67	62.08	63.67	63.67	62.08	62.08	[0-0]	[0-0]	[0-0]	[0-0]	75	75	MULTI_5_GC	MULTI_5_GC, NO_3_T
Pig254Fw:Pig91Rv	100	36/36	100	12/12	Pig (12/12)	NA	8.3872+/-7.5067	NA	Pig (8.3872+/-7.5067)	NA	Bacteroidetes (unknown)	NA	1	Pig (AF065, AF114, AF121, AF280, AF288, AF289, AF290, AF296, AF297, AF306, AF376, AF456)	NA	NA	Pig manure	NA	NA	NA	NA	GGCTTTGCAAGTCAGCGGTGAA	TGCCTCAGCGTCAATTGCGGAT	63.67	64.8	63.67	63.67	64.8	64.8	[0-0]	[0-0]	[0-0]	[0-0]	177	177	MULTI_5_GC	MULTI_5_GC, NO_3_T
Pig255Fw:Pig104Rv	100	36/36	100	12/12	Pig (12/12)	NA	8.3872+/-7.5067	NA	Pig (8.3872+/-7.5067)	NA	Bacteroidetes (unknown)	NA	1	Pig (AF065, AF114, AF121, AF280, AF288, AF289, AF290, AF296, AF297, AF306, AF376, AF456)	NA	NA	Pig manure	NA	NA	NA	NA	GGGAGGAATGAGTGGTGTAGCG	CTCAGCGTCAATTGCGGATTTG	62	60.34	62	62	60.34	60.34	[0-0]	[0-0]	[0-0]	[0-0]	92	92	MULTI_5_GC, NO_POLY_RUNS	MULTI_5_GC
Pig255Fw:Pig3Rv	100	36/36	100	12/12	Pig (12/12)	NA	8.3872+/-7.5067	NA	Pig (8.3872+/-7.5067)	NA	Bacteroidetes (unknown)	NA	1	Pig (AF065, AF114, AF121, AF280, AF288, AF289, AF290, AF296, AF297, AF306, AF376, AF456)	NA	NA	Pig manure	NA	NA	NA	NA	GGGAGGAATGAGTGGTGTAGCG	CCTCAGCGTCAATTGCGGATTT	62	61.43	62	62	61.43	61.43	[0-0]	[0-0]	[0-0]	[0-0]	93	93	MULTI_5_GC, NO_POLY_RUNS	MULTI_5_GC, NO_3_T
